paper_id,title,summary,authors,categories,primary_category,published,updated,abs_url,pdf_url,comment,authors_joined,categories_joined,summary_chars,age_days,text_for_embedding
10.47861/tuturan.v4i3.2655,Urgensi Pengaturan Hukum Hak Cipta terhadap Musik yang Dihasilkan oleh Artifical Intelligence dalam Sistem Hukum Indonesia,"The rapid development of Generative Artificial Intelligence (AI) technology in the Industry 4.0 era has created a legal vacuum (rechtsvacuum) in Indonesia's positive legal system, because Law Number 28 of 2014 concerning Copyright (UUHC) is still based on the paradigm of human authorship as the sole legal subject of the creator. This condition creates uncertainty regarding the ownership status of digital works, the limits of legal responsibility, and the exploitation of copyrighted works as AI training data without permission. This study aims to analyze the urgency of legal protection for works produced by AI in Indonesia and examine the limits of copyright protection for songs produced through artificial intelligence. The research method used is prescriptive normative legal research with a legislative and conceptual approach through literature study. The results show that AI regulation is needed to create legal certainty and protect the economic rights of human creators. Copyright protection for AI-based music is conditional, namely works that are entirely generated through simple commands are still in legal uncertainty, while works with significant human creative contributions through parameter adjustments, lyric writing, and curation can obtain protection. This study emphasizes the need to revise the UUHC by establishing a minimum limit for human contribution and requiring transparency of AI training data.","['Putu Ayu Nandita Putri', 'Anak Agung Ayu Ngurah Sri Rahayu Gorda', 'Kadek Julia Mahdewi', 'Bagus Gede Ari Rama']",[],,2026-07-17,2026-07-17,https://doi.org/10.47861/tuturan.v4i3.2655,https://e-journal.nalanda.ac.id/index.php/TUTURAN/article/download/2655/2154,,"Putu Ayu Nandita Putri, Anak Agung Ayu Ngurah Sri Rahayu Gorda, Kadek Julia Mahdewi, Bagus Gede Ari Rama",,1432,20,"Title: Urgensi Pengaturan Hukum Hak Cipta terhadap Musik yang Dihasilkan oleh Artifical Intelligence dalam Sistem Hukum Indonesia | Authors: Putu Ayu Nandita Putri, Anak Agung Ayu Ngurah Sri Rahayu Gorda, Kadek Julia Mahdewi, Bagus Gede Ari Rama | Summary: The rapid development of Generative Artificial Intelligence (AI) technology in the Industry 4.0 era has created a legal vacuum (rechtsvacuum) in Indonesia's positive legal system, because Law Number 28 of 2014 concerning Copyright (UUHC) is still based on the paradigm of human authorship as the sole legal subject of the creator. This condition creates uncertainty regarding the ownership status of digital works, the limits of legal responsibility, and the exploitation of copyrighted works as AI training data without permission. This study aims to analyze the urgency of legal protection for works produced by AI in Indonesia and examine the limits of copyright protection for songs produced through artificial intelligence. The research method used is prescriptive normative legal research with a legislative and conceptual approach through literature study. The results show that AI regulation is needed to create legal certainty and protect the economic rights of human creators. Copyright protection for AI-based music is conditional, namely works that are entirely generated through simple commands are still in legal uncertainty, while works with significant human creative contributions through parameter adjustments, lyric writing, and curation can obtain protection. This study emphasizes the need to revise the UUHC by establishing a minimum limit for human contribution and requiring transparency of AI training data."
10.61404/mutiara.v4i3.530,"Peran Artifical Intelligence (AI) dalam Layanan Konseling Online: Peluang, Tantangan, dan Implikasi Etis (Studi Literature)","The advancement of digital technology has encouraged the adoption of Artificial Intelligence (AI) in online counseling services to enhance the accessibility and quality of mental health care. The emergence of AI through chatbots, virtual counselors, and digital mental health platforms presents various opportunities, challenges, and ethical implications that require comprehensive examination. This study aims to analyze the opportunities offered by AI, the challenges associated with its implementation, and the ethical implications of its use in online counseling services. The study employed a literature review method with a qualitative approach, examining 15 scientific articles published between 2016 and 2026. Data were analyzed using content analysis through the synthesis of findings from previous studies. The results indicate that AI has the potential to expand access to counseling services, improve service efficiency, support preliminary assessments, and facilitate the delivery of more personalized and data-driven interventions. However, the use of AI continues to face several challenges, including limitations in understanding human emotions and social contexts, the risk of inaccurate responses, algorithmic bias, and the potential for user dependency on technology. The most prominent ethical concerns involve privacy protection, data security, algorithmic transparency, system accountability, and professional responsibility. This study concludes that AI is more appropriately positioned as a supportive tool or co-counselor for professional counselors rather than a replacement for human practitioners. The novelty of this study lies in its integration of the opportunities, challenges, and ethical implications of AI into a comprehensive analytical framework.",['Fatma Maylasari Saqoti'],[],,2026-07-15,2026-07-15,https://doi.org/10.61404/mutiara.v4i3.530,https://jurnal.tiga-mutiara.com/index.php/jimi/article/download/530/399,,Fatma Maylasari Saqoti,,1783,22,"Title: Peran Artifical Intelligence (AI) dalam Layanan Konseling Online: Peluang, Tantangan, dan Implikasi Etis (Studi Literature) | Authors: Fatma Maylasari Saqoti | Summary: The advancement of digital technology has encouraged the adoption of Artificial Intelligence (AI) in online counseling services to enhance the accessibility and quality of mental health care. The emergence of AI through chatbots, virtual counselors, and digital mental health platforms presents various opportunities, challenges, and ethical implications that require comprehensive examination. This study aims to analyze the opportunities offered by AI, the challenges associated with its implementation, and the ethical implications of its use in online counseling services. The study employed a literature review method with a qualitative approach, examining 15 scientific articles published between 2016 and 2026. Data were analyzed using content analysis through the synthesis of findings from previous studies. The results indicate that AI has the potential to expand access to counseling services, improve service efficiency, support preliminary assessments, and facilitate the delivery of more personalized and data-driven interventions. However, the use of AI continues to face several challenges, including limitations in understanding human emotions and social contexts, the risk of inaccurate responses, algorithmic bias, and the potential for user dependency on technology. The most prominent ethical concerns involve privacy protection, data security, algorithmic transparency, system accountability, and professional responsibility. This study concludes that AI is more appropriately positioned as a supportive tool or co-counselor for professional counselors rather than a replacement for human practitioners. The novelty of this study lies in its integration of the opportunities, challenges, and ethical implications of AI into a comprehensive analytical framework."
10.30640/trending.v4i3.7273,Sustainable Development in the Digital Era: the Role Artifical Intelligence and the Internet of Things in Suporting the Green Economy,"Sustainable development has become a global priority in addressing environmental challenges while maintaining economic growth and social welfare. In the digital era, Artificial Intelligence (AI) and the Internet of Things (IoT) have emerged as key technologies that support the implementation of a green economy through efficient and data-driven resource management. This study aims to analyze the role of AI and IoT in supporting sustainable development, examine their contribution to improving resource efficiency, and identify the challenges associated with their implementation. The study employs a conceptual research method with a qualitative approach based on a literature review of recent scientific journals, books, and other relevant academic publications. The findings indicate that AI enhances decision-making, optimizes resource utilization, and reduces operational waste, while IoT enables real-time monitoring and automated management across various sectors. The integration of AI and IoT creates intelligent systems that improve energy efficiency, support environmental management, and strengthen green economy practices. However, challenges such as digital infrastructure gaps, limited human resources, high implementation costs, and data security concerns remain. Therefore, collaboration among governments, industries, and educational institutions is essential to maximize the contribution of AI and IoT to sustainable development.","['Adira Devina Mahmudi', 'Alvina Safitri', 'Mila Hariani']",[],,2026-07-13,2026-07-13,https://doi.org/10.30640/trending.v4i3.7273,https://jurnaluniv45sby.ac.id/index.php/Trending/article/download/7273/5539,,"Adira Devina Mahmudi, Alvina Safitri, Mila Hariani",,1450,24,"Title: Sustainable Development in the Digital Era: the Role Artifical Intelligence and the Internet of Things in Suporting the Green Economy | Authors: Adira Devina Mahmudi, Alvina Safitri, Mila Hariani | Summary: Sustainable development has become a global priority in addressing environmental challenges while maintaining economic growth and social welfare. In the digital era, Artificial Intelligence (AI) and the Internet of Things (IoT) have emerged as key technologies that support the implementation of a green economy through efficient and data-driven resource management. This study aims to analyze the role of AI and IoT in supporting sustainable development, examine their contribution to improving resource efficiency, and identify the challenges associated with their implementation. The study employs a conceptual research method with a qualitative approach based on a literature review of recent scientific journals, books, and other relevant academic publications. The findings indicate that AI enhances decision-making, optimizes resource utilization, and reduces operational waste, while IoT enables real-time monitoring and automated management across various sectors. The integration of AI and IoT creates intelligent systems that improve energy efficiency, support environmental management, and strengthen green economy practices. However, challenges such as digital infrastructure gaps, limited human resources, high implementation costs, and data security concerns remain. Therefore, collaboration among governments, industries, and educational institutions is essential to maximize the contribution of AI and IoT to sustainable development."
10.55656/jpe.v6i2.672,Gambaran Etika Digital terhadap Perilaku Akademik Mahasiswa di Era Kecerdasan Buatan/Artifical Intelligence (AI) (Studi Kasus STAI KHARISMA),"This study aims to describe the overview of digital ethics and academic behavior of STAI KHARISMA students in the era of artificial intelligence. The research employed a descriptive quantitative approach with a survey method. The sample consisted of 50 students selected through purposive sampling. The instrument used was a questionnaire with 16 statement items using a Likert scale of 1-5. Data analysis was conducted descriptively by calculating frequencies, percentages, and mean scores. The results showed that the level of students' digital ethics was high with a mean score of 33.6 out of 40. The digital communication ethics indicator obtained the highest percentage (92%), while the digital honesty indicator obtained the lowest percentage (72%). The level of students' academic behavior was also high with a mean score of 32.2 out of 40. The academic discipline indicator obtained the highest percentage (86%), while the academic integrity indicator obtained the lowest percentage (70%). This study concludes that STAI KHARISMA students already have good digital ethics and academic behavior, but there is still a need for improvement in the aspects of digital honesty and academic integrity.","['Kun Nurachadijat', 'Yulia SanicaPopy', 'Sita Nurhomsah', 'Rizki Utari']",[],,2026-07-01,2026-07-01,https://doi.org/10.55656/jpe.v6i2.672,https://ojs.staisdharma.ac.id/index.php/jpe/article/download/672/512,,"Kun Nurachadijat, Yulia SanicaPopy, Sita Nurhomsah, Rizki Utari",,1202,36,"Title: Gambaran Etika Digital terhadap Perilaku Akademik Mahasiswa di Era Kecerdasan Buatan/Artifical Intelligence (AI) (Studi Kasus STAI KHARISMA) | Authors: Kun Nurachadijat, Yulia SanicaPopy, Sita Nurhomsah, Rizki Utari | Summary: This study aims to describe the overview of digital ethics and academic behavior of STAI KHARISMA students in the era of artificial intelligence. The research employed a descriptive quantitative approach with a survey method. The sample consisted of 50 students selected through purposive sampling. The instrument used was a questionnaire with 16 statement items using a Likert scale of 1-5. Data analysis was conducted descriptively by calculating frequencies, percentages, and mean scores. The results showed that the level of students' digital ethics was high with a mean score of 33.6 out of 40. The digital communication ethics indicator obtained the highest percentage (92%), while the digital honesty indicator obtained the lowest percentage (72%). The level of students' academic behavior was also high with a mean score of 32.2 out of 40. The academic discipline indicator obtained the highest percentage (86%), while the academic integrity indicator obtained the lowest percentage (70%). This study concludes that STAI KHARISMA students already have good digital ethics and academic behavior, but there is still a need for improvement in the aspects of digital honesty and academic integrity."
10.61253/abdicendekia.v5i2.917,Pengaruh Penggunaan Artifical Intelligence (AI) Terhadap Kemandirian Belajar Peserta Didik pada Mata Pelajaran Pendidikan Agama Islam,"Penelitian ini bertujuan untuk menganalisis pengaruh penggunaan Artificial Intelligence (AI) terhadap kemandirian belajar peserta didik pada mata pelajaran Pendidikan Agama Islam (PAI). Transformasi digital dalam pendidikan telah mendorong integrasi teknologi AI, yang menawarkan potensi besar sekaligus menghadirkan tantangan tersendiri, terutama dalam konteks penguatan kemandirian belajar. Penelitian ini menggunakan pendekatan kuantitatif dengan metode survei eksplanatori. Sampel penelitian terdiri dari peserta didik jenjang sekolah menengah yang mengikuti pembelajaran PAI berbasis platform digital dengan dukungan AI. Data dikumpulkan melalui kuesioner terstruktur yang mengukur tingkat kemandirian belajar dan persepsi terhadap penggunaan AI. Analisis data dilakukan menggunakan teknik regresi untuk menguji pengaruh antar variabel. Hasil penelitian menunjukkan bahwa pemanfaatan AI dalam pembelajaran PAI memiliki pengaruh yang signifikan terhadap peningkatan kemandirian belajar peserta didik. Temuan ini sejalan dengan penelitian lain yang mengungkapkan bahwa AI, melalui fitur seperti chatbot islami dan sistem adaptif, mampu memberikan umpan balik personal dan memperluas akses materi, sehingga mendorong siswa untuk lebih proaktif, bertanggung jawab, dan percaya diri dalam proses belajarnya. Namun demikian, penelitian juga mengidentifikasi potensi risiko ketergantungan pada jawaban instan yang dapat melemahkan kemampuan analisis kritis jika penggunaan AI tidak diawasi dengan tepat. Penelitian ini menyimpulkan bahwa AI efektif dalam menumbuhkan kemandirian belajar PAI, dengan syarat pendidik memainkan peran kunci sebagai fasilitator dan pengawas untuk memastikan penggunaan teknologi tetap sejalan dengan tujuan pendidikan karakter dan nilai-nilai keislaman. Temuan ini diharapkan dapat memberikan kontribusi bagi pengembangan model pembelajaran PAI yang inovatif dan adaptif di era digital.","['Muhammad Aufa Muis', 'Fahrureza Fahrureza', 'Tuti Nuriyati']",[],,2026-06-30,2026-07-06,https://doi.org/10.61253/abdicendekia.v5i2.917,https://zia-research.com/index.php/abdicendekia/article/download/917/681,,"Muhammad Aufa Muis, Fahrureza Fahrureza, Tuti Nuriyati",,1913,37,"Title: Pengaruh Penggunaan Artifical Intelligence (AI) Terhadap Kemandirian Belajar Peserta Didik pada Mata Pelajaran Pendidikan Agama Islam | Authors: Muhammad Aufa Muis, Fahrureza Fahrureza, Tuti Nuriyati | Summary: Penelitian ini bertujuan untuk menganalisis pengaruh penggunaan Artificial Intelligence (AI) terhadap kemandirian belajar peserta didik pada mata pelajaran Pendidikan Agama Islam (PAI). Transformasi digital dalam pendidikan telah mendorong integrasi teknologi AI, yang menawarkan potensi besar sekaligus menghadirkan tantangan tersendiri, terutama dalam konteks penguatan kemandirian belajar. Penelitian ini menggunakan pendekatan kuantitatif dengan metode survei eksplanatori. Sampel penelitian terdiri dari peserta didik jenjang sekolah menengah yang mengikuti pembelajaran PAI berbasis platform digital dengan dukungan AI. Data dikumpulkan melalui kuesioner terstruktur yang mengukur tingkat kemandirian belajar dan persepsi terhadap penggunaan AI. Analisis data dilakukan menggunakan teknik regresi untuk menguji pengaruh antar variabel. Hasil penelitian menunjukkan bahwa pemanfaatan AI dalam pembelajaran PAI memiliki pengaruh yang signifikan terhadap peningkatan kemandirian belajar peserta didik. Temuan ini sejalan dengan penelitian lain yang mengungkapkan bahwa AI, melalui fitur seperti chatbot islami dan sistem adaptif, mampu memberikan umpan balik personal dan memperluas akses materi, sehingga mendorong siswa untuk lebih proaktif, bertanggung jawab, dan percaya diri dalam proses belajarnya. Namun demikian, penelitian juga mengidentifikasi potensi risiko ketergantungan pada jawaban instan yang dapat melemahkan kemampuan analisis kritis jika penggunaan AI tidak diawasi dengan tepat. Penelitian ini menyimpulkan bahwa AI efektif dalam menumbuhkan kemandirian belajar PAI, dengan syarat pendidik memainkan peran kunci sebagai fasilitator dan pengawas untuk memastikan penggunaan teknologi tetap sejalan dengan tujuan pendidikan karakter dan nilai-nilai keislaman. Temuan ini diharapkan dapat memberikan kontribusi bagi pengembangan model pembelajaran PAI yang inovatif dan adaptif di era digital."
10.57250/ajpp.v5i2.3033,Fenomena Fatwa Instan pada Platform AI sebagai Tantangan Metodologi Ijtihad di Tengah Perkembangan Artifical Intelligence,"Perkembangan teknologi kecerdasan buatan (Artificial Intelligence/AI) telah menyebabkan perubahan besar dalam cara masyarakat mencari hukum Islam, terutama di kalangan generasi muda yang mencakup lebih dari 60 persen populasi Indonesia, Fenomena ini dikenal sebagai agama algoritmik. Perubahan ini menghasilkan fenomena fatwa instan yang didasarkan pada chatbot AI, yang sering muncul tanpa adanya proses verifikasi keilmuan yang memadai, sehingga keabsahan terhadap metodologinya patut dipersoalkan. Penelitian ini bertujuan untuk meneliti sejauh mana platform AI generatif dapat memenuhi kualifikasi metodologis seorang mujtahid dalam proses ijtihad hukum Islam, serta merumuskan posisi ideal AI dalam tatanan hukum Islam saat ini. Penelitian ini menerapkan metode studi pustaka (library research) dengan pendekatan deskriptif kualitatif yang berfokus pada normatif-filosofis, di mana data primer terdiri dari kitab-kitab usul fikih yang diakui serta data sekunder berupa artikel ilmiah yang dianalisis menggunakan teknik analisis isi (content analysis). Penelitian mengungkapkan bahwa AI generatif secara mendasar tidak memenuhi kriteria mujtahid karena tidak memiliki kesadaran spiritual (syu'ur), niat (niyyah), dan tanggung jawab moral (taklif), serta tidak dapat menjalankan proses tarjih atau memahami kemaslahatan dan konteks sosial ('urf) secara mendalam. Ketergantungan pada AI berpotensi menghasilkan halusinasi dan memproduksi output yang tidak terjamin kredibilitasnya, seperti hadis atau dalil palsu, bias dalam representasi mazhab, serta kurangnya akuntabilitas saat terjadinya kesalahan hukum. Temuan ini menunjukkan pentingnya AI ditempatkan secara seimbang sebagai alat untuk riset dan edukasi, bukan sebagai penentu mutlak, dengan kerja sama antara lembaga fatwa dan ahli teknologi informasi untuk mengembangkan regulasi serta penyaringan data keagamaan yang terpercaya dan sesuai dengan prinsip maqasid al-syariah.","['Najwa Isaura Sabila', 'Fathima Zahra', 'M. Sahril', 'Alfath Oktaraya Adoe', 'Abdul Fadhil']",[],,2026-06-30,2026-07-08,https://doi.org/10.57250/ajpp.v5i2.3033,https://jurnal.ardenjaya.com/index.php/ajpp/article/download/3033/1970,,"Najwa Isaura Sabila, Fathima Zahra, M. Sahril, Alfath Oktaraya Adoe, Abdul Fadhil",,1935,37,"Title: Fenomena Fatwa Instan pada Platform AI sebagai Tantangan Metodologi Ijtihad di Tengah Perkembangan Artifical Intelligence | Authors: Najwa Isaura Sabila, Fathima Zahra, M. Sahril, Alfath Oktaraya Adoe, Abdul Fadhil | Summary: Perkembangan teknologi kecerdasan buatan (Artificial Intelligence/AI) telah menyebabkan perubahan besar dalam cara masyarakat mencari hukum Islam, terutama di kalangan generasi muda yang mencakup lebih dari 60 persen populasi Indonesia, Fenomena ini dikenal sebagai agama algoritmik. Perubahan ini menghasilkan fenomena fatwa instan yang didasarkan pada chatbot AI, yang sering muncul tanpa adanya proses verifikasi keilmuan yang memadai, sehingga keabsahan terhadap metodologinya patut dipersoalkan. Penelitian ini bertujuan untuk meneliti sejauh mana platform AI generatif dapat memenuhi kualifikasi metodologis seorang mujtahid dalam proses ijtihad hukum Islam, serta merumuskan posisi ideal AI dalam tatanan hukum Islam saat ini. Penelitian ini menerapkan metode studi pustaka (library research) dengan pendekatan deskriptif kualitatif yang berfokus pada normatif-filosofis, di mana data primer terdiri dari kitab-kitab usul fikih yang diakui serta data sekunder berupa artikel ilmiah yang dianalisis menggunakan teknik analisis isi (content analysis). Penelitian mengungkapkan bahwa AI generatif secara mendasar tidak memenuhi kriteria mujtahid karena tidak memiliki kesadaran spiritual (syu'ur), niat (niyyah), dan tanggung jawab moral (taklif), serta tidak dapat menjalankan proses tarjih atau memahami kemaslahatan dan konteks sosial ('urf) secara mendalam. Ketergantungan pada AI berpotensi menghasilkan halusinasi dan memproduksi output yang tidak terjamin kredibilitasnya, seperti hadis atau dalil palsu, bias dalam representasi mazhab, serta kurangnya akuntabilitas saat terjadinya kesalahan hukum. Temuan ini menunjukkan pentingnya AI ditempatkan secara seimbang sebagai alat untuk riset dan edukasi, bukan sebagai penentu mutlak, dengan kerja sama antara lembaga fatwa dan ahli teknologi informasi untuk mengembangkan regulasi serta penyaringan data keagamaan yang terpercaya dan sesuai dengan prinsip maqasid al-syariah."
10.66128/jdhe202602.2,The Ethical Dimension between Innovation and Responsibility - Artifical Intelligence in Medicine and Digital Health,"Case presentation: Patient E. suffers severe iatrogenic injury during a sinuplasty due to an AI-assisted navigation system incorrectly mapping the position of the instruments to the paranasal sinus region during surgery, even though the instruments were actually located in the immediate vicinity of the carotid artery. Uncritical reliance of the surgeon on the output of an AI-assisted system lead to a carotid artery lesion and a subsequent ischemic stroke with long-term neurological deficits. This raises ethical and legal questions regarding medical responsibility, the duty to inform, and the allocation of liability. Methodology: Using the described clinical case study as a point of departure, the ethical and legal implications of AI-assisted medical decision-making within the frameworks of biomedical ethics and health regulations and laws in the EU and US were critically qualitatively analyzed. Particular attention was given to questions of autonomy, beneficence, professional responsibility, informed consent, and liability, with the aim of assessing the requirements for the responsible and ethically justifiable use of AI in healthcare. Results: Ethically, the focus is particularly on autonomy, non-maleficence, beneficence, and justice. A potential violation of autonomy occurs when patients are not informed about the use of AI and its risks. The principles of non-maleficence and beneficence are violated when medical plausibility checks are omitted and an “automation bias” leads to blind trust in the AI-system. Legally, AI remains a medical device and is classified as a high-risk system under the EU AI Act, thereby subject to requirements regarding safety, robustness, and human oversight. The physician’s duty of care (“lege artis”) is not diminished by AI but continues to require critical oversight. Additionally, liability issues arise that affect physicians, healthcare facilities, and manufacturers alike. Conclusion: AI can be medically beneficial and improve patient safety when used responsibly. However, the present case demonstrates that a lack of human oversight, as well as insufficient reflection and control can lead to serious harm. It is therefore essential to provide transparent patient information, establish clear oversight mechanisms, offer training, and clearly define legal accountability.","['Marlon Possard', 'Sonja Bleichert']",[],,2026-06-29,2026-06-26,https://doi.org/10.66128/jdhe202602.2,https://perennial.pub/journal/jdhe/1/2/3/pdf,,"Marlon Possard, Sonja Bleichert",,2339,38,"Title: The Ethical Dimension between Innovation and Responsibility - Artifical Intelligence in Medicine and Digital Health | Authors: Marlon Possard, Sonja Bleichert | Summary: Case presentation: Patient E. suffers severe iatrogenic injury during a sinuplasty due to an AI-assisted navigation system incorrectly mapping the position of the instruments to the paranasal sinus region during surgery, even though the instruments were actually located in the immediate vicinity of the carotid artery. Uncritical reliance of the surgeon on the output of an AI-assisted system lead to a carotid artery lesion and a subsequent ischemic stroke with long-term neurological deficits. This raises ethical and legal questions regarding medical responsibility, the duty to inform, and the allocation of liability. Methodology: Using the described clinical case study as a point of departure, the ethical and legal implications of AI-assisted medical decision-making within the frameworks of biomedical ethics and health regulations and laws in the EU and US were critically qualitatively analyzed. Particular attention was given to questions of autonomy, beneficence, professional responsibility, informed consent, and liability, with the aim of assessing the requirements for the responsible and ethically justifiable use of AI in healthcare. Results: Ethically, the focus is particularly on autonomy, non-maleficence, beneficence, and justice. A potential violation of autonomy occurs when patients are not informed about the use of AI and its risks. The principles of non-maleficence and beneficence are violated when medical plausibility checks are omitted and an “automation bias” leads to blind trust in the AI-system. Legally, AI remains a medical device and is classified as a high-risk system under the EU AI Act, thereby subject to requirements regarding safety, robustness, and human oversight. The physician’s duty of care (“lege artis”) is not diminished by AI but continues to require critical oversight. Additionally, liability issues arise that affect physicians, healthcare facilities, and manufacturers alike. Conclusion: AI can be medically beneficial and improve patient safety when used responsibly. However, the present case demonstrates that a lack of human oversight, as well as insufficient reflection and control can lead to serious harm. It is therefore essential to provide transparent patient information, establish clear oversight mechanisms, offer training, and clearly define legal accountability."
10.4018/979-8-3373-8337-8.ch004,Artifical Intelligence and Digital Marketing,"The rapid rise of generative AI has redefined the boundaries of personalization, but it has also amplified the risks of opacity and algorithmic manipulation. This chapter is justified by the immediate need to reconcile the effectiveness of automated campaigns with the principles of ethics by design, and it offers a response to the empirical research gap linking marketing performance to algorithmic fairness. In this sense, this chapter analyzes the influence of Artificial Intelligence (AI) on digital marketing, focusing on the ethical, security, and data privacy implications. Starting from the evolution of marketing, we discuss how digitization, machine learning, Generative AI (GIA), and LLMs transform the collection, analysis, and use of data to automate campaigns, segment audiences, and personalize content in real time.Through a bibliometric study in the Web of Science (WoS), scientific production at its intersection is mapped. Thematic clusters are identified on AI applications, ethical and privacy risks, and IAG in the personalization economy.","['Andreia Couto', 'Bruno Barbosa Sousa', 'Lara Gonçalves Santos']",[],,2026-06-23,2026-06-10,https://doi.org/10.4018/979-8-3373-8337-8.ch004,,,"Andreia Couto, Bruno Barbosa Sousa, Lara Gonçalves Santos",,1062,44,"Title: Artifical Intelligence and Digital Marketing | Authors: Andreia Couto, Bruno Barbosa Sousa, Lara Gonçalves Santos | Summary: The rapid rise of generative AI has redefined the boundaries of personalization, but it has also amplified the risks of opacity and algorithmic manipulation. This chapter is justified by the immediate need to reconcile the effectiveness of automated campaigns with the principles of ethics by design, and it offers a response to the empirical research gap linking marketing performance to algorithmic fairness. In this sense, this chapter analyzes the influence of Artificial Intelligence (AI) on digital marketing, focusing on the ethical, security, and data privacy implications. Starting from the evolution of marketing, we discuss how digitization, machine learning, Generative AI (GIA), and LLMs transform the collection, analysis, and use of data to automate campaigns, segment audiences, and personalize content in real time.Through a bibliometric study in the Web of Science (WoS), scientific production at its intersection is mapped. Thematic clusters are identified on AI applications, ethical and privacy risks, and IAG in the personalization economy."
10.62951/karyanyata.v3i2.3319,Pemanfaatan Artifical Intelegence (AI) Guna Peningkatan dan Memperkaya Kecakapan Digital Dikalangan Siswa,"The Artificial Intelligence (AI) Utilization Training represents a structured community service initiative targeting students of Rumah Yatim and Pesantren Ruhama. This program is designed to equip participants with additional competencies, encompassing practical skills and contemporary digital literacy aligned with the evolving demands of the educational sector. The AI utilization training aims to enhance students’ digital literacy, thereby fostering their capacity to adapt to emerging technological advancements. Participants are trained to comprehend foundational AI concepts and their applications in learning, productivity, and innovation, contributing to their preparedness for the Industrial Revolution 4.0 and Society 5.0. Observations conducted in collaboration with partner institutions identified several challenges, including limited student engagement in digital literacy, insufficient infrastructure, and a lack of understanding regarding AI utilization. In response, this program implements targeted workshops and training sessions focused on AI applications. The activities undertaken in this program include: (1) facilitating access to AI applications and providing instructional guidance to enable students to acquire fundamental digital skills with minimal barriers; and (2) delivering interactive, engaging, and easily comprehensible instruction on basic AI applications through practical demonstrations and hands-on exercises. This initiative is expected to promote the development and enrichment of students’ competencies in both theoretical and practical dimensions of digital literacy. Consequently, participants demonstrate improved proficiency and confidence in AI utilization, enhancing their readiness to navigate current and future digital technology landscapes. Empirical outcomes indicate an increase in participants’ knowledge, understanding, skills, and competency related to AI from 85% prior to training to 95% post-training.","['Deden Rosid Waltam', 'Wawan Budiarto', 'Bambang Herlambang']",[],,2026-06-22,2026-06-22,https://doi.org/10.62951/karyanyata.v3i2.3319,https://pkm.lpkd.or.id/index.php/KaryaNyata/article/download/3319/3077,,"Deden Rosid Waltam, Wawan Budiarto, Bambang Herlambang",,1964,45,"Title: Pemanfaatan Artifical Intelegence (AI) Guna Peningkatan dan Memperkaya Kecakapan Digital Dikalangan Siswa | Authors: Deden Rosid Waltam, Wawan Budiarto, Bambang Herlambang | Summary: The Artificial Intelligence (AI) Utilization Training represents a structured community service initiative targeting students of Rumah Yatim and Pesantren Ruhama. This program is designed to equip participants with additional competencies, encompassing practical skills and contemporary digital literacy aligned with the evolving demands of the educational sector. The AI utilization training aims to enhance students’ digital literacy, thereby fostering their capacity to adapt to emerging technological advancements. Participants are trained to comprehend foundational AI concepts and their applications in learning, productivity, and innovation, contributing to their preparedness for the Industrial Revolution 4.0 and Society 5.0. Observations conducted in collaboration with partner institutions identified several challenges, including limited student engagement in digital literacy, insufficient infrastructure, and a lack of understanding regarding AI utilization. In response, this program implements targeted workshops and training sessions focused on AI applications. The activities undertaken in this program include: (1) facilitating access to AI applications and providing instructional guidance to enable students to acquire fundamental digital skills with minimal barriers; and (2) delivering interactive, engaging, and easily comprehensible instruction on basic AI applications through practical demonstrations and hands-on exercises. This initiative is expected to promote the development and enrichment of students’ competencies in both theoretical and practical dimensions of digital literacy. Consequently, participants demonstrate improved proficiency and confidence in AI utilization, enhancing their readiness to navigate current and future digital technology landscapes. Empirical outcomes indicate an increase in participants’ knowledge, understanding, skills, and competency related to AI from 85% prior to training to 95% post-training."
10.65521/oaijse.v9i1s.3594,A Responsible and Risk-Aware Artifical Intelligence Framework for Multimodal Sleep Cycle Monitoring Using Wearable and Contactless Physiological Sensing,"The use of artificial intelligence has made persistent and tailored monitoring of physiological functions possible, though with the problem of reliability and safety in deployment . The aspect of sleep monitoring is the most sensitive since it is closely linked with cardiovascular, metabolic, and cognitive well-being. Most current automated systems are based on a small number of sensing modalities and non-transparent learning models which limit robustness and interpretability in real-word settings. This paper introduces a multimodal artificial intelligence sleep monitoring system that combines heterogenous physiological and behavioral indicators of sleep cycles in a late-fusion learning system. The framework maintains modality- specific representations and enables adaptive temporal integration to enhance resilience in unconstrained conditions. In order to raise its reliability, the system integrates uncertainty-aware inference and intrinsic explainability, enabling predictive confidence estimation and features contributions supplied by individual modalities. Instead of creating an autonomous diagnostic system, the offered method acts under the version of the decision-support tool because it reveals interpretable outputs and highlights the predictions of low level of confidence to be reviewed by experts. Experimental findings show better performance compared to unimodal baselines especially in physiologically ambiguous sleep states, while maintaining transparency and reliability. This framework adds a deployable and interpretable solution of intelligent sleep monitoring solution to healthcare.","['Soham Chouk', 'Aditi Gupta', 'Eva Singh', 'Rajesh B. Ghongade', 'Ay L. Prabhakar']",[],,2026-06-19,2026-07-01,https://doi.org/10.65521/oaijse.v9i1s.3594,https://journals.mriindia.com/index.php/oaijse/article/download/3594/3405,,"Soham Chouk, Aditi Gupta, Eva Singh, Rajesh B. Ghongade, Ay L. Prabhakar",,1619,48,"Title: A Responsible and Risk-Aware Artifical Intelligence Framework for Multimodal Sleep Cycle Monitoring Using Wearable and Contactless Physiological Sensing | Authors: Soham Chouk, Aditi Gupta, Eva Singh, Rajesh B. Ghongade, Ay L. Prabhakar | Summary: The use of artificial intelligence has made persistent and tailored monitoring of physiological functions possible, though with the problem of reliability and safety in deployment . The aspect of sleep monitoring is the most sensitive since it is closely linked with cardiovascular, metabolic, and cognitive well-being. Most current automated systems are based on a small number of sensing modalities and non-transparent learning models which limit robustness and interpretability in real-word settings. This paper introduces a multimodal artificial intelligence sleep monitoring system that combines heterogenous physiological and behavioral indicators of sleep cycles in a late-fusion learning system. The framework maintains modality- specific representations and enables adaptive temporal integration to enhance resilience in unconstrained conditions. In order to raise its reliability, the system integrates uncertainty-aware inference and intrinsic explainability, enabling predictive confidence estimation and features contributions supplied by individual modalities. Instead of creating an autonomous diagnostic system, the offered method acts under the version of the decision-support tool because it reveals interpretable outputs and highlights the predictions of low level of confidence to be reviewed by experts. Experimental findings show better performance compared to unimodal baselines especially in physiologically ambiguous sleep states, while maintaining transparency and reliability. This framework adds a deployable and interpretable solution of intelligent sleep monitoring solution to healthcare."
10.33864/mp.2026.v1.i2.56-65,RELATIONSHIP ARTIFICAL INTELLIGENCE AND HUMAN,"The article is devoted to the study of the relationship between artificial intelligence and humans. First, the development path of artificial intelligence to its current state is briefly described, and its current role and importance in human and society life are also discussed. The rapid development of technology not only changes the life activities, living conditions, and circumstances of modern people, but also affects their spiritual and emotional world, and also changes their taste, worldview, and outlook on life. This change also manifests itself in people's relationships with each other and in the forms of communication. Modern technological development expands human choices. By achieving such development, more effective communication between people is formed. Artificial intelligence is the pinnacle of technological development in the life of mankind. Modern man suffers from a “pandemic of loneliness”. He sees the way out in communication with artificial intelligence and puts it in the place of his friend. Today, he consults with artificial intelligence in all matters - from the simplest everyday issues to solving complex problems. This, in turn, gives rise to a new problem. The article comments on these problems and suggests ways to solve them.",['Aynura Ahmadova'],[],,2026-06-15,2026-07-30,https://doi.org/10.33864/mp.2026.v1.i2.56-65,,,Aynura Ahmadova,,1272,52,"Title: RELATIONSHIP ARTIFICAL INTELLIGENCE AND HUMAN | Authors: Aynura Ahmadova | Summary: The article is devoted to the study of the relationship between artificial intelligence and humans. First, the development path of artificial intelligence to its current state is briefly described, and its current role and importance in human and society life are also discussed. The rapid development of technology not only changes the life activities, living conditions, and circumstances of modern people, but also affects their spiritual and emotional world, and also changes their taste, worldview, and outlook on life. This change also manifests itself in people's relationships with each other and in the forms of communication. Modern technological development expands human choices. By achieving such development, more effective communication between people is formed. Artificial intelligence is the pinnacle of technological development in the life of mankind. Modern man suffers from a “pandemic of loneliness”. He sees the way out in communication with artificial intelligence and puts it in the place of his friend. Today, he consults with artificial intelligence in all matters - from the simplest everyday issues to solving complex problems. This, in turn, gives rise to a new problem. The article comments on these problems and suggests ways to solve them."
10.59295/teia2025.20,Advantages and issues of artifical intelligence for economic translation: from neural machine translation to generative AI,"Based on a corpus of French/Italian economic texts, this article proposes a comparison between a NMT engine (DeepL) and a generative chatbot (ChatGPT-4o), in order to reflect on the impact of AI on translation.",['Alessandra Rollo'],[],,2026-06-01,2026-07-11,https://doi.org/10.59295/teia2025.20,,,Alessandra Rollo,,210,66,"Title: Advantages and issues of artifical intelligence for economic translation: from neural machine translation to generative AI | Authors: Alessandra Rollo | Summary: Based on a corpus of French/Italian economic texts, this article proposes a comparison between a NMT engine (DeepL) and a generative chatbot (ChatGPT-4o), in order to reflect on the impact of AI on translation."
10.64448/myresearchgo.vol.2.issue.5.02,"A STUDY ON ARTIFICAL INTELLIGENCE IN SHAPING YOUTH DECISION- MAKING IN EDUCATION, CAREER AND DAILY-LIFE","Artificial Intelligence (AI) is one of the most significant areas of technology development that is affecting lives. It is changing their thinking, learning and decision, making process. AI is becoming more influential in guiding youth choices through various application areas like education, career planning, and daily activities. Examples include recommendation systems, virtual assistants, chatbots, educational platforms, and career guidance tools, among others. This paper investigates the impact of AI on decision, making among young people. Firstly, in education, AI allows students to learn at their own pace, get instant help with their studies, and receive course recommendations that will help improve their academic performance. Secondly, the use of AI in career planning through job portals and skill, matching platforms is helping young people identify professions that suit their interests and capabilities. Thirdly, in daily life, AI is transforming behaviours including shopping, entertainment, social media usage, and information consumption by providing targeted recommendations and using algorithms. The study not only points out the advantages that AI brings but also the disadvantages. On the other hand, there is a temptation of too much reliance on AI, lowering of critical thinking skills, algorithmic bias, and data privacy issues. This study employs a descriptive research design that includes data from surveys and secondary sources","['DR SUNITA YADAV', 'SHLOK SANKHE', 'RAHUL GAVAS', 'KRISH CHANDAN', 'SWAPNIL GUDULKAR']",[],,2026-05-30,2026-06-07,https://doi.org/10.64448/myresearchgo.vol.2.issue.5.02,,,"DR SUNITA YADAV, SHLOK SANKHE, RAHUL GAVAS, KRISH CHANDAN, SWAPNIL GUDULKAR",,1461,68,"Title: A STUDY ON ARTIFICAL INTELLIGENCE IN SHAPING YOUTH DECISION- MAKING IN EDUCATION, CAREER AND DAILY-LIFE | Authors: DR SUNITA YADAV, SHLOK SANKHE, RAHUL GAVAS, KRISH CHANDAN, SWAPNIL GUDULKAR | Summary: Artificial Intelligence (AI) is one of the most significant areas of technology development that is affecting lives. It is changing their thinking, learning and decision, making process. AI is becoming more influential in guiding youth choices through various application areas like education, career planning, and daily activities. Examples include recommendation systems, virtual assistants, chatbots, educational platforms, and career guidance tools, among others. This paper investigates the impact of AI on decision, making among young people. Firstly, in education, AI allows students to learn at their own pace, get instant help with their studies, and receive course recommendations that will help improve their academic performance. Secondly, the use of AI in career planning through job portals and skill, matching platforms is helping young people identify professions that suit their interests and capabilities. Thirdly, in daily life, AI is transforming behaviours including shopping, entertainment, social media usage, and information consumption by providing targeted recommendations and using algorithms. The study not only points out the advantages that AI brings but also the disadvantages. On the other hand, there is a temptation of too much reliance on AI, lowering of critical thinking skills, algorithmic bias, and data privacy issues. This study employs a descriptive research design that includes data from surveys and secondary sources"
10.69693/ijmst.v4i2.8440,Pengaruh Stem Cell terhadap Akurasi Prediksi Diferensiasi Seluler Berbasis Artifical Intelligence dalam Bioteknologi,"This study aims to analyze the influence of stem cells on the accuracy of Artificial Intelligence-based cellular differentiation predictions in the field of biotechnology. The method used is a literature study with a qualitative-descriptive approach through the collection and analysis of various relevant scientific literature. The results of the study indicate that stem cells have a crucial role in the cellular differentiation process through complex biological mechanisms, thus producing high-value data for analysis. On the other hand, Artificial Intelligence can improve prediction accuracy by utilizing machine learning algorithms to process large and complex biological data. The integration between stem cells and Artificial Intelligence has made a significant contribution to the development of modern biotechnology, particularly in regenerative therapy and tissue engineering. However, there are still challenges in terms of data quality, the complexity of biological systems, and regulatory aspects that need to be considered. Thus, this study confirms that the collaboration between biological approaches and digital technology has great potential in improving the effectiveness and efficiency of cellular differentiation predictions in the future.","['Aghisna Pertiwi', 'Putri Silvia Ariyanti', 'Dwi Haryani', 'Shintia Ratu Ismail', 'Indriyana Puspawati']",[],,2026-05-02,2026-05-11,https://doi.org/10.69693/ijmst.v4i2.8440,https://journal.ilmudata.co.id/index.php/ijmst/article/download/8440/6165,,"Aghisna Pertiwi, Putri Silvia Ariyanti, Dwi Haryani, Shintia Ratu Ismail, Indriyana Puspawati",,1262,96,"Title: Pengaruh Stem Cell terhadap Akurasi Prediksi Diferensiasi Seluler Berbasis Artifical Intelligence dalam Bioteknologi | Authors: Aghisna Pertiwi, Putri Silvia Ariyanti, Dwi Haryani, Shintia Ratu Ismail, Indriyana Puspawati | Summary: This study aims to analyze the influence of stem cells on the accuracy of Artificial Intelligence-based cellular differentiation predictions in the field of biotechnology. The method used is a literature study with a qualitative-descriptive approach through the collection and analysis of various relevant scientific literature. The results of the study indicate that stem cells have a crucial role in the cellular differentiation process through complex biological mechanisms, thus producing high-value data for analysis. On the other hand, Artificial Intelligence can improve prediction accuracy by utilizing machine learning algorithms to process large and complex biological data. The integration between stem cells and Artificial Intelligence has made a significant contribution to the development of modern biotechnology, particularly in regenerative therapy and tissue engineering. However, there are still challenges in terms of data quality, the complexity of biological systems, and regulatory aspects that need to be considered. Thus, this study confirms that the collaboration between biological approaches and digital technology has great potential in improving the effectiveness and efficiency of cellular differentiation predictions in the future."
10.65102/is2026246,Design of clear recognition algorithm after network image noise removal in computer vision,"In order to solve the problems of low accuracy and poor performance in the field of image recognition in massive image recognition, this paper proposes an image denoising algorithm based on improved CGAN after optimizing and improving the traditional conditional generative adversarial network (CGAN) algorithm on the basis of the neural network model by using the least-squares loss function and adopting techniques such as attention pyramid network. After that, the loss entropy of convolutional neural network is optimized, and the model network and shared feature parameters are constructed by inductive migration algorithm in the model training stage to achieve accurate recognition of denoised images. The results show that the denoised image repaired by this paper's algorithm has the best quality and structural similarity, and its PSNR and SSIM values are improved by 2.28dB and 0.124 respectively compared with those of the traditional CGAN model, which can significantly reduce the checkerboard effect phenomenon and improve the quality of the image. The improved convolutional neural network model achieves a correct rate of 99.47% for image recognition, and the recognition accuracy of 10 different types of images in the MNIST dataset is improved by 2.87% to 17.85% compared with the traditional convolutional neural network model. Comprehensive analysis shows that the model proposed in this paper has good application in both image denoising and recognition accuracy.","['Ke Dong', ""School of Computer and Artifical Intelligence, Xihang University, Xi'an City 710077, Shaanxi Province, China""]",[],,2026-04-30,2026-05-05,https://doi.org/10.65102/is2026246,,,"Ke Dong, School of Computer and Artifical Intelligence, Xihang University, Xi'an City 710077, Shaanxi Province, China",,1483,98,"Title: Design of clear recognition algorithm after network image noise removal in computer vision | Authors: Ke Dong, School of Computer and Artifical Intelligence, Xihang University, Xi'an City 710077, Shaanxi Province, China | Summary: In order to solve the problems of low accuracy and poor performance in the field of image recognition in massive image recognition, this paper proposes an image denoising algorithm based on improved CGAN after optimizing and improving the traditional conditional generative adversarial network (CGAN) algorithm on the basis of the neural network model by using the least-squares loss function and adopting techniques such as attention pyramid network. After that, the loss entropy of convolutional neural network is optimized, and the model network and shared feature parameters are constructed by inductive migration algorithm in the model training stage to achieve accurate recognition of denoised images. The results show that the denoised image repaired by this paper's algorithm has the best quality and structural similarity, and its PSNR and SSIM values are improved by 2.28dB and 0.124 respectively compared with those of the traditional CGAN model, which can significantly reduce the checkerboard effect phenomenon and improve the quality of the image. The improved convolutional neural network model achieves a correct rate of 99.47% for image recognition, and the recognition accuracy of 10 different types of images in the MNIST dataset is improved by 2.87% to 17.85% compared with the traditional convolutional neural network model. Comprehensive analysis shows that the model proposed in this paper has good application in both image denoising and recognition accuracy."
10.55041/ijcope.v2i4.893,Role of Artifical Intelligence Tools in Enhancing Learing Outcomes Among University Students,"Artificial Intelligence (AI) has rapidly emerged as one of the most transformative technologies in the field of higher education. In recent years, AI-powered tools such as ChatGPT, Grammarly, and other intelligent systems have become an integral part of students’ academic routines. These tools are widely used for a variety of purposes, including generating ideas, improving writing quality, completing assignments, and understanding complex concepts. While the adoption of AI tools among university students has increased significantly, there is still a lack of clarity regarding the underlying motivations behind their usage. This research paper focuses on exploring the specific motivations that drive university students, particularly postgraduate management (MBA) students, to use AI tools in their academic activities. Unlike many existing studies that primarily examine the outcomes or impacts of AI usage, this study emphasizes understanding the reasons behind students’ reliance on these technologies. The research aims to identify whether students are using AI as a learning aid, a productivity tool, or simply as a shortcut to complete academic tasks with minimal effort. The study adopts a descriptive research design and is based on primary data collected through a structured questionnaire. The respondents include MBA students who actively use AI tools for academic purposes. The data collected is analyzed using simple statistical techniques such as percentage analysis and frequency distribution to identify patterns in student behavior and motivations. The findings of the study reveal that the primary motivations for using AI tools include time-saving, ease of access, reduction in academic stress, and improvement in assignment quality. Many students reported that AI helps them overcome challenges such as writer’s block, lack of clarity in concepts, and tight academic deadlines. At the same time, the study also highlights certain concerns, such as over-dependence on AI tools, reduced critical thinking ability, and confusion regarding academic ethics.","['DR. MONA SHARMA DR. MONA SHARMA', 'MOHIT MEHRA MOHIT MEHRA']",[],,2026-04-29,2026-05-01,https://doi.org/10.55041/ijcope.v2i4.893,,,"DR. MONA SHARMA DR. MONA SHARMA, MOHIT MEHRA MOHIT MEHRA",,2078,99,"Title: Role of Artifical Intelligence Tools in Enhancing Learing Outcomes Among University Students | Authors: DR. MONA SHARMA DR. MONA SHARMA, MOHIT MEHRA MOHIT MEHRA | Summary: Artificial Intelligence (AI) has rapidly emerged as one of the most transformative technologies in the field of higher education. In recent years, AI-powered tools such as ChatGPT, Grammarly, and other intelligent systems have become an integral part of students’ academic routines. These tools are widely used for a variety of purposes, including generating ideas, improving writing quality, completing assignments, and understanding complex concepts. While the adoption of AI tools among university students has increased significantly, there is still a lack of clarity regarding the underlying motivations behind their usage. This research paper focuses on exploring the specific motivations that drive university students, particularly postgraduate management (MBA) students, to use AI tools in their academic activities. Unlike many existing studies that primarily examine the outcomes or impacts of AI usage, this study emphasizes understanding the reasons behind students’ reliance on these technologies. The research aims to identify whether students are using AI as a learning aid, a productivity tool, or simply as a shortcut to complete academic tasks with minimal effort. The study adopts a descriptive research design and is based on primary data collected through a structured questionnaire. The respondents include MBA students who actively use AI tools for academic purposes. The data collected is analyzed using simple statistical techniques such as percentage analysis and frequency distribution to identify patterns in student behavior and motivations. The findings of the study reveal that the primary motivations for using AI tools include time-saving, ease of access, reduction in academic stress, and improvement in assignment quality. Many students reported that AI helps them overcome challenges such as writer’s block, lack of clarity in concepts, and tight academic deadlines. At the same time, the study also highlights certain concerns, such as over-dependence on AI tools, reduced critical thinking ability, and confusion regarding academic ethics."
10.31004/riggs.v5i1.8008,Peran Artifical Intelligence dalam Mendeteksi Fraud: Studi Literatur pada Praktik Audit Modern,"Seiring meningkatnya kompleksitas transaksi dan volume data keuangan di era digital, praktik audit modern menghadapi tantangan yang semakin besar dalam mendeteksi kecurangan (fraud). Penelitian ini bertujuan untuk menganalisis peran Artificial Intelligence (AI) dalam meningkatkan efektivitas deteksi fraud melalui pendekatan studi literatur. Metode yang digunakan adalah kualitatif dengan menelaah berbagai jurnal ilmiah, laporan profesional, dan publikasi akademik yang relevan selama periode 2015–2025. Data dikumpulkan melalui teknik dokumentasi dengan kata kunci terkait artificial intelligence, fraud detection, dan audit modern, kemudian dianalisis menggunakan pendekatan deskriptif kualitatif melalui proses klasifikasi, perbandingan, dan sintesis temuan penelitian terdahulu. Hasil kajian menunjukkan bahwa penerapan teknologi AI seperti machine learning, data mining, dan natural language processing mampu meningkatkan akurasi dan kecepatan dalam mendeteksi pola anomali dibandingkan metode audit konvensional yang berbasis sampling. AI juga memungkinkan analisis seluruh populasi data (full population analysis), sehingga potensi fraud yang tersembunyi dapat diidentifikasi secara lebih komprehensif. Selain itu, penggunaan AI terbukti meningkatkan efisiensi proses audit, mengurangi beban kerja auditor, serta meminimalkan kesalahan manusia. Namun demikian, implementasi AI dalam audit masih menghadapi berbagai kendala, seperti keterbatasan kompetensi auditor dalam penguasaan teknologi, tingginya biaya implementasi, serta isu etika dan privasi data. Oleh karena itu, diperlukan kesiapan sumber daya manusia, regulasi yang memadai, serta integrasi sistem yang tepat agar pemanfaatan AI dapat berjalan optimal dan berkelanjutan. Dengan demikian, AI memiliki peran strategis dalam mentransformasi praktik audit modern, khususnya dalam meningkatkan kualitas deteksi fraud di era digital.","['Mohamad Afrizal Miradji', 'Aisyah Amalia', 'Dian Salmah', 'Elisa Dwi Fransisca', 'Elizabeth Lovinawati']",[],,2026-04-27,2026-07-20,https://doi.org/10.31004/riggs.v5i1.8008,https://journal.ilmudata.co.id/index.php/RIGGS/article/download/8008/6008,,"Mohamad Afrizal Miradji, Aisyah Amalia, Dian Salmah, Elisa Dwi Fransisca, Elizabeth Lovinawati",,1898,101,"Title: Peran Artifical Intelligence dalam Mendeteksi Fraud: Studi Literatur pada Praktik Audit Modern | Authors: Mohamad Afrizal Miradji, Aisyah Amalia, Dian Salmah, Elisa Dwi Fransisca, Elizabeth Lovinawati | Summary: Seiring meningkatnya kompleksitas transaksi dan volume data keuangan di era digital, praktik audit modern menghadapi tantangan yang semakin besar dalam mendeteksi kecurangan (fraud). Penelitian ini bertujuan untuk menganalisis peran Artificial Intelligence (AI) dalam meningkatkan efektivitas deteksi fraud melalui pendekatan studi literatur. Metode yang digunakan adalah kualitatif dengan menelaah berbagai jurnal ilmiah, laporan profesional, dan publikasi akademik yang relevan selama periode 2015–2025. Data dikumpulkan melalui teknik dokumentasi dengan kata kunci terkait artificial intelligence, fraud detection, dan audit modern, kemudian dianalisis menggunakan pendekatan deskriptif kualitatif melalui proses klasifikasi, perbandingan, dan sintesis temuan penelitian terdahulu. Hasil kajian menunjukkan bahwa penerapan teknologi AI seperti machine learning, data mining, dan natural language processing mampu meningkatkan akurasi dan kecepatan dalam mendeteksi pola anomali dibandingkan metode audit konvensional yang berbasis sampling. AI juga memungkinkan analisis seluruh populasi data (full population analysis), sehingga potensi fraud yang tersembunyi dapat diidentifikasi secara lebih komprehensif. Selain itu, penggunaan AI terbukti meningkatkan efisiensi proses audit, mengurangi beban kerja auditor, serta meminimalkan kesalahan manusia. Namun demikian, implementasi AI dalam audit masih menghadapi berbagai kendala, seperti keterbatasan kompetensi auditor dalam penguasaan teknologi, tingginya biaya implementasi, serta isu etika dan privasi data. Oleh karena itu, diperlukan kesiapan sumber daya manusia, regulasi yang memadai, serta integrasi sistem yang tepat agar pemanfaatan AI dapat berjalan optimal dan berkelanjutan. Dengan demikian, AI memiliki peran strategis dalam mentransformasi praktik audit modern, khususnya dalam meningkatkan kualitas deteksi fraud di era digital."
10.32493/abmas.v7i2.p124-133.y2026,Pelatihan Dan Penyuluhan Pembelajaran Yang Tepat Dan Menyenangkan Melalui Artifical Intelligence ( AI),"Perkembangan teknologi telah menciptakan perubahan besar dalam skala global, terutama setelah hadir nya Artificial Intelligence dalam mengerjakan suatu hal yang biasanya di lakukan oleh Generasi saat ini yang tumbuh bersama teknologi dan media sosial. Tentu hadir nya Artificial Intelligence ini mendapatkan dampak positif dan negatif secara bersamaan dari masyarakat. pengabdian kepada masyarakat ini bertujuan untuk meningkatkan literasi serta pemahaman digital siswa MA Daarul Hikmah dengan memberikan pelatihan dan pendampingan terkait penting nya mengetahui teknologi dan membuat teknologi tersebut tepat dan menyenangkan. Kegiatan ini melibatkan beberapa tahap, seperti pemberian materi, diskusi interaktif, dan simulasi praktik menggunakan. Tujuan utama kegiatan adalah membekali siswa dengan pemahaman mendalam tentang menggunakan Artificial Intelligence sebagai alat bantu dalam kehidupan di zaman saat ini. Selain itu, siswa juga dilatih untuk mengembangkan pengetahuan nya tentang dampak positif dan negatif dari adanya teknologi Artificial Intelligence ini yang diharapkan dapat membantu para siswa mengetahui dampak jangka panjang dari adanya Artificial Intelligence dalam kehidupan secara global. Hasil dari program menunjukkan adanya ada peningkatan yang cukup signifikan dalam praktek yang di jalankan oleh siswa terhadap teknologi Artificial Intelligence. Namun siswa lebih memahami bagaimana cara kerja Artificial Intelligence yaitu membantu memudahkan permasalahan bahkan secara global, namun karena hebat nya Artificial Intelligence, banyak siswa yang lebih mempercayakan Artificial Intelligence daripada pengetahuan diri nya sendiri. Tetapi disamping itu program ini juga berhasil membuka wawasan siswa tentang peluang wirausaha ataupun peluang lain yang di berikan oleh Artificial Intelligence, sehingga mereka lebih bisa dengan mudah memanfaatkan teknologi yang tersedia untuk membantu mereka dalam menjalani kehidupan dan beragama. Dengan demikian, pelatihan ini diharapkan dapat memberikan kontribusi nyata bagi kesiapan siswa dalam menghadapi perkembangan zaman yang terus berkembang","['Senen', 'Muhammad Rhama Dhani', 'Arya Daiva Sugiharto', 'Dwi Cahyo Sajati']",[],,2026-04-15,2026-05-30,https://doi.org/10.32493/abmas.v7i2.p124-133.y2026,https://openjournal.unpam.ac.id/index.php/ABMAS/article/download/59525/28372,,"Senen, Muhammad Rhama Dhani, Arya Daiva Sugiharto, Dwi Cahyo Sajati",,2109,113,"Title: Pelatihan Dan Penyuluhan Pembelajaran Yang Tepat Dan Menyenangkan Melalui Artifical Intelligence ( AI) | Authors: Senen, Muhammad Rhama Dhani, Arya Daiva Sugiharto, Dwi Cahyo Sajati | Summary: Perkembangan teknologi telah menciptakan perubahan besar dalam skala global, terutama setelah hadir nya Artificial Intelligence dalam mengerjakan suatu hal yang biasanya di lakukan oleh Generasi saat ini yang tumbuh bersama teknologi dan media sosial. Tentu hadir nya Artificial Intelligence ini mendapatkan dampak positif dan negatif secara bersamaan dari masyarakat. pengabdian kepada masyarakat ini bertujuan untuk meningkatkan literasi serta pemahaman digital siswa MA Daarul Hikmah dengan memberikan pelatihan dan pendampingan terkait penting nya mengetahui teknologi dan membuat teknologi tersebut tepat dan menyenangkan. Kegiatan ini melibatkan beberapa tahap, seperti pemberian materi, diskusi interaktif, dan simulasi praktik menggunakan. Tujuan utama kegiatan adalah membekali siswa dengan pemahaman mendalam tentang menggunakan Artificial Intelligence sebagai alat bantu dalam kehidupan di zaman saat ini. Selain itu, siswa juga dilatih untuk mengembangkan pengetahuan nya tentang dampak positif dan negatif dari adanya teknologi Artificial Intelligence ini yang diharapkan dapat membantu para siswa mengetahui dampak jangka panjang dari adanya Artificial Intelligence dalam kehidupan secara global. Hasil dari program menunjukkan adanya ada peningkatan yang cukup signifikan dalam praktek yang di jalankan oleh siswa terhadap teknologi Artificial Intelligence. Namun siswa lebih memahami bagaimana cara kerja Artificial Intelligence yaitu membantu memudahkan permasalahan bahkan secara global, namun karena hebat nya Artificial Intelligence, banyak siswa yang lebih mempercayakan Artificial Intelligence daripada pengetahuan diri nya sendiri. Tetapi disamping itu program ini juga berhasil membuka wawasan siswa tentang peluang wirausaha ataupun peluang lain yang di berikan oleh Artificial Intelligence, sehingga mereka lebih bisa dengan mudah memanfaatkan teknologi yang tersedia untuk membantu mereka dalam menjalani kehidupan dan beragama. Dengan demikian, pelatihan ini diharapkan dapat memberikan kontribusi nyata bagi kesiapan siswa dalam menghadapi perkembangan zaman yang terus berkembang"
10.33807/monte.20263491,OPERATIONALIZATION OF ARTIFICAL INTELLIGENCE PLATFORMS FOR PKANNED FLOOD RISK MANAGEMENT IN TOURIST AND AGRICULTURAL AREAS OF THE COUNTRIES OF THE WESTERN BALKANS SUBREGION,"Contemporary climate change and the increasing frequency of extreme hydrological events represent one of the most significant challenges for the sustainable development of modern societies. Among natural disasters with the most pronounced economic and social consequences, floods stand out as one of the most destructive phenomena, capable of causing extensive damage to infrastructure, agricultural land, tourism facilities, and local communities. Due to their geographical and climatic characteristics, complex river basin systems, and economic structure, the countries of the Western Balkans belong to regions particularly exposed to this type of risk. Under such conditions, there is a growing need for the development of advanced systems for forecasting, monitoring, and managing flood-related risks. The rapid development of digital technologies, especially artificial intelligence, has created new opportunities for improving strategic risk management in various economic sectors. Intelligent platforms based on artificial intelligence enable the integration and analysis of large volumes of heterogeneous data, including meteorological, hydrological, satellite, and geospatial information. Such integration allows the development of more accurate models for predicting potential flood scenarios. Through the application of machine learning algorithms, big data analytics, and predictive modeling techniques, it becomes possible to identify high-risk areas in a timely manner, optimize early warning systems, and support more effective decision-making processes in water resource management. The application of intelligent artificial intelligence platforms is particularly important in tourism and agricultural regions, which are among the most vulnerable sectors to the consequences of flooding. In tourist destinations, these technologies contribute to improving safety standards, supporting infrastructure planning, and reducing economic losses caused by natural disasters. In agricultural regions, artificial intelligence supports the development of smart farming practices by enabling precise monitoring of soil conditions, water levels, and environmental parameters, thereby improving agricultural productivity and resilience. The aim of this paper is to analyze the role and significance of intelligent artificial intelligence platforms in the planned management of flood risks in tourism and agricultural regions of the Western Balkan countries. Particular attention is given to the institutional and legal framework governing the implementation of such technologies, as well as to their potential economic and social benefits. The findings suggest that the integration of artificial intelligence into flood risk management systems can significantly improve preventive mechanisms, enhance the resilience, and contribute to the sustainable development of the regional economy.",['Slobodan Nešković'],[],,2026-04-01,2026-07-06,https://doi.org/10.33807/monte.20263491,,,Slobodan Nešković,,2890,127,"Title: OPERATIONALIZATION OF ARTIFICAL INTELLIGENCE PLATFORMS FOR PKANNED FLOOD RISK MANAGEMENT IN TOURIST AND AGRICULTURAL AREAS OF THE COUNTRIES OF THE WESTERN BALKANS SUBREGION | Authors: Slobodan Nešković | Summary: Contemporary climate change and the increasing frequency of extreme hydrological events represent one of the most significant challenges for the sustainable development of modern societies. Among natural disasters with the most pronounced economic and social consequences, floods stand out as one of the most destructive phenomena, capable of causing extensive damage to infrastructure, agricultural land, tourism facilities, and local communities. Due to their geographical and climatic characteristics, complex river basin systems, and economic structure, the countries of the Western Balkans belong to regions particularly exposed to this type of risk. Under such conditions, there is a growing need for the development of advanced systems for forecasting, monitoring, and managing flood-related risks. The rapid development of digital technologies, especially artificial intelligence, has created new opportunities for improving strategic risk management in various economic sectors. Intelligent platforms based on artificial intelligence enable the integration and analysis of large volumes of heterogeneous data, including meteorological, hydrological, satellite, and geospatial information. Such integration allows the development of more accurate models for predicting potential flood scenarios. Through the application of machine learning algorithms, big data analytics, and predictive modeling techniques, it becomes possible to identify high-risk areas in a timely manner, optimize early warning systems, and support more effective decision-making processes in water resource management. The application of intelligent artificial intelligence platforms is particularly important in tourism and agricultural regions, which are among the most vulnerable sectors to the consequences of flooding. In tourist destinations, these technologies contribute to improving safety standards, supporting infrastructure planning, and reducing economic losses caused by natural disasters. In agricultural regions, artificial intelligence supports the development of smart farming practices by enabling precise monitoring of soil conditions, water levels, and environmental parameters, thereby improving agricultural productivity and resilience. The aim of this paper is to analyze the role and significance of intelligent artificial intelligence platforms in the planned management of flood risks in tourism and agricultural regions of the Western Balkan countries. Particular attention is given to the institutional and legal framework governing the implementation of such technologies, as well as to their potential economic and social benefits. The findings suggest that the integration of artificial intelligence into flood risk management systems can significantly improve preventive mechanisms, enhance the resilience, and contribute to the sustainable development of the regional economy."
10.54751/revistafoco.v19n3-001,A OTIMIZAÇÃO DE BANCO DE DADOS RELACIONAIS ATRAVÉS DE TEÉCNICAS DE INTELIGÊNCIA ARTIFICAL,"A crescente complexidade dos dados e das transações no ambiente digital exige a otimização contínua dos sistemas de gerenciamento de bancos de dados relacionais (SGBDRs). Este trabalho objetiva analisar como as técnicas de Inteligência Artificial (IA), em particular o Machine Learning (Aprendizado de Máquina), podem ser empregadas para aprimorar o desempenho, a segurança e a manutenção de SGBDRs tradicionais. O estudo focou na revisão bibliográfica de trabalhos recentes que aplicam algoritmos de IA, como redes neurais e aprendizado por reforço, na otimização de consultas (query optimization), na indexação automatizada e na detecção de anomalias. Constatou-se que a IA oferece um caminho promissor para transcender as limitações dos otimizadores de consulta heurísticos e baseados em custos, que, muitas vezes, falham em ambientes com cargas de trabalho dinâmicas. Os resultados indicam que sistemas híbridos, combinando a robustez dos modelos relacionais com a capacidade preditiva da IA, demonstram ganhos significativos em eficiência operacional e adaptabilidade. Conclui-se que a integração de IA em SGBDRs é uma tendência emergente e necessária para o futuro da gestão de dados.",['Tácio Luiz Nunes Dantas'],[],,2026-03-02,2026-03-02,https://doi.org/10.54751/revistafoco.v19n3-001,https://ojs.focopublicacoes.com.br/foco/article/download/11545/8100,,Tácio Luiz Nunes Dantas,,1190,157,"Title: A OTIMIZAÇÃO DE BANCO DE DADOS RELACIONAIS ATRAVÉS DE TEÉCNICAS DE INTELIGÊNCIA ARTIFICAL | Authors: Tácio Luiz Nunes Dantas | Summary: A crescente complexidade dos dados e das transações no ambiente digital exige a otimização contínua dos sistemas de gerenciamento de bancos de dados relacionais (SGBDRs). Este trabalho objetiva analisar como as técnicas de Inteligência Artificial (IA), em particular o Machine Learning (Aprendizado de Máquina), podem ser empregadas para aprimorar o desempenho, a segurança e a manutenção de SGBDRs tradicionais. O estudo focou na revisão bibliográfica de trabalhos recentes que aplicam algoritmos de IA, como redes neurais e aprendizado por reforço, na otimização de consultas (query optimization), na indexação automatizada e na detecção de anomalias. Constatou-se que a IA oferece um caminho promissor para transcender as limitações dos otimizadores de consulta heurísticos e baseados em custos, que, muitas vezes, falham em ambientes com cargas de trabalho dinâmicas. Os resultados indicam que sistemas híbridos, combinando a robustez dos modelos relacionais com a capacidade preditiva da IA, demonstram ganhos significativos em eficiência operacional e adaptabilidade. Conclui-se que a integração de IA em SGBDRs é uma tendência emergente e necessária para o futuro da gestão de dados."
10.55938/wlp.v2i50.362,Artifical Wisdom in Psychotherapy: Clinical Implementation and Future Horizons: A Review Paper,"This article delves into the diverse applications of AI in mental healthcare, emphasizing its role in clinical diagnosis, prognosis, and treatment, alongside the challenges and barriers to its adoption. The COVID-19 pandemic has intensified the need for effective mental health solutions. From an initial pool of 214 review papers, 146 were excluded due to being unregistered, duplicates, irrelevant, or for unspecified reasons. Key sources include JAMA Psychiatry, the American Psychiatric Association, Elsevier, PubMed, MEDLINE, and Google Scholar. AI addresses the shortage of mental healthcare providers by automating tasks, allowing clinicians to focus more on patient care. Machine Learning (ML) and Natural Language Processing (NLP) are central to AI-driven mental healthcare, aiding in precise diagnosis and personalized treatment through pattern recognition and analysis of clinical records. AI also integrates data from various sources, enhancing the understanding of mental illnesses and improving prognosis for conditions like depression and suicide risk. Despite ethical, legal, and data quality challenges, overcoming these barriers is essential for the future of AI in mental healthcare. The concept of ""Artificial Wisdom"" (AW) envisions AI as not only intelligent but also compassionate and ethically sound, aiming to redefine mental health treatment with fairness, transparency, and privacy.","['Priyanshu Kunwar', 'Nidhi Verma', 'Deepika Chamoli Shahi']",[],,2026-02-18,2026-04-06,https://doi.org/10.55938/wlp.v2i50.362,,,"Priyanshu Kunwar, Nidhi Verma, Deepika Chamoli Shahi",,1408,169,"Title: Artifical Wisdom in Psychotherapy: Clinical Implementation and Future Horizons: A Review Paper | Authors: Priyanshu Kunwar, Nidhi Verma, Deepika Chamoli Shahi | Summary: This article delves into the diverse applications of AI in mental healthcare, emphasizing its role in clinical diagnosis, prognosis, and treatment, alongside the challenges and barriers to its adoption. The COVID-19 pandemic has intensified the need for effective mental health solutions. From an initial pool of 214 review papers, 146 were excluded due to being unregistered, duplicates, irrelevant, or for unspecified reasons. Key sources include JAMA Psychiatry, the American Psychiatric Association, Elsevier, PubMed, MEDLINE, and Google Scholar. AI addresses the shortage of mental healthcare providers by automating tasks, allowing clinicians to focus more on patient care. Machine Learning (ML) and Natural Language Processing (NLP) are central to AI-driven mental healthcare, aiding in precise diagnosis and personalized treatment through pattern recognition and analysis of clinical records. AI also integrates data from various sources, enhancing the understanding of mental illnesses and improving prognosis for conditions like depression and suicide risk. Despite ethical, legal, and data quality challenges, overcoming these barriers is essential for the future of AI in mental healthcare. The concept of ""Artificial Wisdom"" (AW) envisions AI as not only intelligent but also compassionate and ethically sound, aiming to redefine mental health treatment with fairness, transparency, and privacy."
10.61220/voice.v2i1.31,Analisis Literasi Artifical Intelligence Mahasiswa Pada Perguruan Tinggi,"Kurangnya pemahaman mendalam mengenai literasi kecerdasan buatan (AI) di kalangan mahasiswa pendidikan tinggi menjadi tantangan tersendiri dalam mempersiapkan generasi yang adaptif terhadap perkembangan teknologi. Penelitian ini bertujuan untuk menganalisis tingkat literasi AI mahasiswa Jurusan Teknik Informatika dan Komputer (JTIK) Universitas Negeri Makassar (UNM), mencakup aspek pemahaman konsep dasar, kemampuan penggunaan aplikasi, serta kesadaran terhadap isu etika. Pendekatan kuantitatif dengan desain cross-sectional digunakan dalam penelitian ini, dengan instrumen kuesioner dan analisis deskriptif sebagai metode utama. Temuan menunjukkan bahwa mayoritas mahasiswa telah memiliki kemampuan fungsional dalam mengenali dan memanfaatkan aplikasi berbasis AI dalam kehidupan sehari-hari. AI juga dipahami sebagai alat yang mampu meningkatkan efisiensi pekerjaan, meskipun dimensi kesadaran etis belum sepenuhnya terinternalisasi. Indikasi awal terhadap kewaspadaan etika telah terlihat, namun memerlukan penguatan melalui pendekatan kurikulum yang lebih komprehensif. Penelitian ini merekomendasikan integrasi literasi AI yang seimbang antara aspek teknis dan etis dalam pendidikan tinggi sebagai respons terhadap tuntutan era digital.","['Israwati Hamsar', 'Hajar Dewantara', 'Hijri Andini', 'Sulfan Ardiansyah', 'Nur Afrilia Afrizah', 'Muh Getri Putra Hasta']",[],,2026-02-14,2026-03-16,https://doi.org/10.61220/voice.v2i1.31,https://ejournal.abcollab.id/index.php/VOICE/article/download/139/127,,"Israwati Hamsar, Hajar Dewantara, Hijri Andini, Sulfan Ardiansyah, Nur Afrilia Afrizah, Muh Getri Putra Hasta",,1245,173,"Title: Analisis Literasi Artifical Intelligence Mahasiswa Pada Perguruan Tinggi | Authors: Israwati Hamsar, Hajar Dewantara, Hijri Andini, Sulfan Ardiansyah, Nur Afrilia Afrizah, Muh Getri Putra Hasta | Summary: Kurangnya pemahaman mendalam mengenai literasi kecerdasan buatan (AI) di kalangan mahasiswa pendidikan tinggi menjadi tantangan tersendiri dalam mempersiapkan generasi yang adaptif terhadap perkembangan teknologi. Penelitian ini bertujuan untuk menganalisis tingkat literasi AI mahasiswa Jurusan Teknik Informatika dan Komputer (JTIK) Universitas Negeri Makassar (UNM), mencakup aspek pemahaman konsep dasar, kemampuan penggunaan aplikasi, serta kesadaran terhadap isu etika. Pendekatan kuantitatif dengan desain cross-sectional digunakan dalam penelitian ini, dengan instrumen kuesioner dan analisis deskriptif sebagai metode utama. Temuan menunjukkan bahwa mayoritas mahasiswa telah memiliki kemampuan fungsional dalam mengenali dan memanfaatkan aplikasi berbasis AI dalam kehidupan sehari-hari. AI juga dipahami sebagai alat yang mampu meningkatkan efisiensi pekerjaan, meskipun dimensi kesadaran etis belum sepenuhnya terinternalisasi. Indikasi awal terhadap kewaspadaan etika telah terlihat, namun memerlukan penguatan melalui pendekatan kurikulum yang lebih komprehensif. Penelitian ini merekomendasikan integrasi literasi AI yang seimbang antara aspek teknis dan etis dalam pendidikan tinggi sebagai respons terhadap tuntutan era digital."
10.29313/bcsls.v6i1.23692,Kajian Kriminologi Kejahatan dengan Bantuan Artifical Intelligence dan Penegakan Hukumnya Berdasarkan UU ITE,"Abstract. The development of Artificial Intelligence (AI) has had a significant impact on modern crime patterns, particularly in based fraud. Technologies such as deepfakes, voice cloning, and automated data manipulation enable perpetrators to commit fraud with high levels of accuracy and effectiveness, making it difficult to detect and potentially causing widespread losses. The research uses a normative juridical method with a legislative approach, criminology, and case analysis. Data are sourced from literature, laws and regulations, official agency reports, and concrete cases. This study examines the causal factors of AI-based crimes using theory criminology.. The results indicate that internal factors driving perpetrators include economic motives, rational calculations that AI offers high profits with low risks, and distortions of moral responsibility due to digital anonymity. External factors include the rapid advancement of accessible technology, low public digital literacy, and limited law enforcement capacity, including digital forensics.Law enforcement is carried out through the provisions of Article 492 of the New Criminal Code and articles in the ITE Law, such as Article 28 paragraph (1), Article 35, Article 51 paragraph (1), and Article 21, to ensnare the manipulation of electronic identity and information. However, its effectiveness is still hampered by the gap between technological developments and the readiness of the authorities. Abstrak: Perkembangan Artificial Intelligence (AI) telah membawa dampak signifikan terhadap pola kejahatan modern, khususnya dalam tindak pidana penipuan. Teknologi seperti deepfake, voice cloning, dan manipulasi data otomatis memungkinkan pelaku melakukan penipuan dengan tingkat akurasi dan efektivitas tinggi, sehingga sulit dideteksi dan berpotensi menimbulkan kerugian yang luas. Penelitian menggunakan metode yuridis normatif dengan pendekatan perundang-undangan, kriminologi, dan analisis kasus. Data bersumber dari literatur, peraturan perundang-undangan, laporan lembaga resmi, serta kasus konkret. Penelitian ini menelaah faktor-faktor penyebab kejahatan dengan bantuan AI melalui teori kriminologi. Bahwa faktor internal yang mendorong pelaku meliputi motif ekonomi, kalkulasi rasional bahwa AI memberikan keuntungan tinggi dengan risiko rendah, serta distorsi tanggung jawab moral akibat anonimitas digital. Adapun faktor eksternal mencakup pesatnya kemajuan teknologi yang mudah diakses, rendahnya literasi digital masyarakat, dan keterbatasan kapasitas penegakan hukum termasuk forensik digital. Penegakan hukum dilakukan melalui ketentuan Pasal 492 KUHP Baru dan pasal-pasal dalam UU ITE seperti Pasal 28 ayat (1), Pasal 35, Pasal 51 ayat (1), serta Pasal 21 untuk menjerat manipulasi identitas dan informasi elektronik. Namun, efektivitasnya masih terhambat oleh kesenjangan antara perkembangan teknologi dan kesiapan aparat.","['Salsa Fardiani', 'Dian Alan Setiawan']",[],,2026-02-09,2026-03-11,https://doi.org/10.29313/bcsls.v6i1.23692,https://proceedings.unisba.ac.id/index.php/BCSLS/article/download/23692/10064,,"Salsa Fardiani, Dian Alan Setiawan",,2911,178,"Title: Kajian Kriminologi Kejahatan dengan Bantuan Artifical Intelligence dan Penegakan Hukumnya Berdasarkan UU ITE | Authors: Salsa Fardiani, Dian Alan Setiawan | Summary: Abstract. The development of Artificial Intelligence (AI) has had a significant impact on modern crime patterns, particularly in based fraud. Technologies such as deepfakes, voice cloning, and automated data manipulation enable perpetrators to commit fraud with high levels of accuracy and effectiveness, making it difficult to detect and potentially causing widespread losses. The research uses a normative juridical method with a legislative approach, criminology, and case analysis. Data are sourced from literature, laws and regulations, official agency reports, and concrete cases. This study examines the causal factors of AI-based crimes using theory criminology.. The results indicate that internal factors driving perpetrators include economic motives, rational calculations that AI offers high profits with low risks, and distortions of moral responsibility due to digital anonymity. External factors include the rapid advancement of accessible technology, low public digital literacy, and limited law enforcement capacity, including digital forensics.Law enforcement is carried out through the provisions of Article 492 of the New Criminal Code and articles in the ITE Law, such as Article 28 paragraph (1), Article 35, Article 51 paragraph (1), and Article 21, to ensnare the manipulation of electronic identity and information. However, its effectiveness is still hampered by the gap between technological developments and the readiness of the authorities. Abstrak: Perkembangan Artificial Intelligence (AI) telah membawa dampak signifikan terhadap pola kejahatan modern, khususnya dalam tindak pidana penipuan. Teknologi seperti deepfake, voice cloning, dan manipulasi data otomatis memungkinkan pelaku melakukan penipuan dengan tingkat akurasi dan efektivitas tinggi, sehingga sulit dideteksi dan berpotensi menimbulkan kerugian yang luas. Penelitian menggunakan metode yuridis normatif dengan pendekatan perundang-undangan, kriminologi, dan analisis kasus. Data bersumber dari literatur, peraturan perundang-undangan, laporan lembaga resmi, serta kasus konkret. Penelitian ini menelaah faktor-faktor penyebab kejahatan dengan bantuan AI melalui teori kriminologi. Bahwa faktor internal yang mendorong pelaku meliputi motif ekonomi, kalkulasi rasional bahwa AI memberikan keuntungan tinggi dengan risiko rendah, serta distorsi tanggung jawab moral akibat anonimitas digital. Adapun faktor eksternal mencakup pesatnya kemajuan teknologi yang mudah diakses, rendahnya literasi digital masyarakat, dan keterbatasan kapasitas penegakan hukum termasuk forensik digital. Penegakan hukum dilakukan melalui ketentuan Pasal 492 KUHP Baru dan pasal-pasal dalam UU ITE seperti Pasal 28 ayat (1), Pasal 35, Pasal 51 ayat (1), serta Pasal 21 untuk menjerat manipulasi identitas dan informasi elektronik. Namun, efektivitasnya masih terhambat oleh kesenjangan antara perkembangan teknologi dan kesiapan aparat."
10.61164/ehd2ct91,A QUESTÃO DOS DIREITOS AUTORAIS COM O USO DE INTELIGÊNCIA ARTIFICIAL NO BRASIL,"O presente artigo examina os desafios e lacunas do Direito Autoral brasileiro diante do avanço da Inteligência Artificial (IA) generativa, especialmente na produção musical e artística. Investiga-se a tensão entre autoria humana, fundamento essencial da Lei nº 9.610/1998 e da Constituição Federal, e as obras criadas por sistemas automatizados, que carecem de criatividade humana. A pesquisa discute o uso indevido de obras protegidas no treinamento de algoritmos, os impactos econômicos sobre artistas e produtores e os dilemas éticos relacionados à reprodução de vozes e estilos musicais. Também aborda a necessidade de transparência no uso de datasets e de mecanismos de remuneração justa aos autores originais. Por fim, conclui-se a necessidade da criação de um marco regulatório moderno e equilibrado, como o Projeto de Lei nº 2.338/2023, capaz de conciliar inovação tecnológica, segurança jurídica e valorização da criatividade humana no contexto digital contemporâneo.","['Weverson Gabriel Rosa de Azevedo', 'Victor Conte André']",[],,2026-02-09,2026-02-12,https://doi.org/10.61164/ehd2ct91,https://remunom.ojsbr.com/multidisciplinar/article/download/5072/5086,,"Weverson Gabriel Rosa de Azevedo, Victor Conte André",,976,178,"Title: A QUESTÃO DOS DIREITOS AUTORAIS COM O USO DE INTELIGÊNCIA ARTIFICIAL NO BRASIL | Authors: Weverson Gabriel Rosa de Azevedo, Victor Conte André | Summary: O presente artigo examina os desafios e lacunas do Direito Autoral brasileiro diante do avanço da Inteligência Artificial (IA) generativa, especialmente na produção musical e artística. Investiga-se a tensão entre autoria humana, fundamento essencial da Lei nº 9.610/1998 e da Constituição Federal, e as obras criadas por sistemas automatizados, que carecem de criatividade humana. A pesquisa discute o uso indevido de obras protegidas no treinamento de algoritmos, os impactos econômicos sobre artistas e produtores e os dilemas éticos relacionados à reprodução de vozes e estilos musicais. Também aborda a necessidade de transparência no uso de datasets e de mecanismos de remuneração justa aos autores originais. Por fim, conclui-se a necessidade da criação de um marco regulatório moderno e equilibrado, como o Projeto de Lei nº 2.338/2023, capaz de conciliar inovação tecnológica, segurança jurídica e valorização da criatividade humana no contexto digital contemporâneo."
